0,ASP,382,ILE,66,5.273804,ftdock_0.pdb
0,TYR,13,ARG,148,4.4976244,ftdock_1.pdb
1,ASP,103,GLY,69,5.6990237,ftdock_1.pdb
2,THR,359,LYS,302,5.860176,ftdock_1.pdb
3,THR,359,GLN,303,4.620944,ftdock_1.pdb
4,LYS,360,LYS,302,4.5512414,ftdock_1.pdb
5,LYS,360,GLN,303,3.9184241,ftdock_1.pdb
6,LYS,361,GLN,303,4.7054157,ftdock_1.pdb
0,PRO,39,GLN,291,5.0852165,ftdock_10.pdb
1,GLN,40,GLN,291,5.1556296,ftdock_10.pdb
2,GLN,40,TYR,292,5.9667935,ftdock_10.pdb
3,GLN,40,ASP,293,4.368165,ftdock_10.pdb
4,GLY,130,ARG,286,5.825336,ftdock_10.pdb
5,LYS,278,GLN,303,5.5697894,ftdock_10.pdb
6,GLN,279,LEU,301,5.317125,ftdock_10.pdb
7,GLN,279,LYS,302,5.9698305,ftdock_10.pdb
8,GLN,279,GLN,303,5.6887703,ftdock_10.pdb
9,HIS,351,LYS,302,5.1744576,ftdock_10.pdb
10,SER,374,GLN,303,5.546668,ftdock_10.pdb
0,GLU,86,ASN,102,5.3053656,ftdock_11.pdb
1,GLU,86,PHE,103,5.2605896,ftdock_11.pdb
2,LEU,122,ARG,107,4.7436914,ftdock_11.pdb
3,ARG,125,LEU,301,5.977465,ftdock_11.pdb
4,PRO,389,LEU,224,5.902449,ftdock_11.pdb
5,PRO,389,LYS,225,3.7820992,ftdock_11.pdb
6,ASP,390,LEU,224,5.7452073,ftdock_11.pdb
0,ASN,190,LEU,288,4.7561007,ftdock_12.pdb
1,LEU,191,LEU,288,4.942886,ftdock_12.pdb
2,LEU,191,ASN,289,3.9112418,ftdock_12.pdb
3,THR,192,LEU,288,4.890123,ftdock_12.pdb
4,THR,192,ASN,289,5.628838,ftdock_12.pdb
0,ARG,327,ASP,273,5.2924314,ftdock_13.pdb
1,LYS,346,MET,258,5.3683352,ftdock_13.pdb
2,ALA,349,ASN,261,5.624452,ftdock_13.pdb
0,GLN,281,ARG,53,5.8620563,ftdock_14.pdb
1,GLU,282,HIS,54,5.979006,ftdock_14.pdb
2,ILE,325,ASP,166,5.904177,ftdock_14.pdb
3,GLY,326,ASP,166,5.5711293,ftdock_14.pdb
4,ILE,347,LEU,160,4.9829645,ftdock_14.pdb
0,ARG,24,ASP,178,5.265833,ftdock_15.pdb
1,THR,25,ARG,176,5.8000846,ftdock_15.pdb
2,THR,25,GLU,177,4.3218775,ftdock_15.pdb
3,THR,25,ASP,178,4.814707,ftdock_15.pdb
4,LEU,26,GLU,177,4.280343,ftdock_15.pdb
5,LEU,26,ASP,178,3.9498494,ftdock_15.pdb
6,ASP,28,LEU,194,4.9191656,ftdock_15.pdb
7,VAL,143,GLN,231,4.731531,ftdock_15.pdb
8,VAL,143,GLU,234,5.8440475,ftdock_15.pdb
9,LEU,144,GLN,231,5.683291,ftdock_15.pdb
10,PRO,145,ALA,227,5.2114954,ftdock_15.pdb
11,PRO,145,GLN,231,5.7295794,ftdock_15.pdb
12,SER,146,ALA,227,5.1400595,ftdock_15.pdb
0,THR,147,ARG,176,5.961493,ftdock_16.pdb
1,ALA,150,PRO,174,5.946569,ftdock_16.pdb
2,ALA,150,ARG,176,5.7481823,ftdock_16.pdb
0,TRP,197,ALA,227,4.8701777,ftdock_17.pdb
1,LEU,198,ALA,227,4.0334697,ftdock_17.pdb
2,PRO,381,LYS,179,5.4205794,ftdock_17.pdb
3,PRO,381,ASN,180,5.888713,ftdock_17.pdb
0,MET,63,GLY,223,4.994136,ftdock_18.pdb
1,GLN,102,GLY,251,5.556489,ftdock_18.pdb
0,THR,192,LYS,163,5.8900924,ftdock_19.pdb
1,THR,192,ASP,166,5.980851,ftdock_19.pdb
2,SER,193,ASP,166,4.919156,ftdock_19.pdb
0,ASP,171,LYS,62,5.420351,ftdock_2.pdb
1,ASP,224,ARG,168,5.1402817,ftdock_2.pdb
0,ASN,190,ARG,53,4.166363,ftdock_20.pdb
1,LEU,191,LYS,51,5.564224,ftdock_20.pdb
2,THR,192,LYS,51,5.4905915,ftdock_20.pdb
3,SER,193,ARG,53,5.9319043,ftdock_20.pdb
4,SER,193,PRO,55,5.3979387,ftdock_20.pdb
5,TRP,194,ARG,53,5.986134,ftdock_20.pdb
6,TRP,194,HIS,54,5.6791725,ftdock_20.pdb
7,PRO,195,ARG,53,5.9124117,ftdock_20.pdb
8,PRO,195,HIS,54,5.925591,ftdock_20.pdb
9,ASN,270,GLU,177,5.308805,ftdock_20.pdb
0,LEU,122,LYS,62,5.46927,ftdock_21.pdb
1,CYS,142,LYS,51,5.8750157,ftdock_21.pdb
0,LEU,144,LEU,301,4.8938923,ftdock_22.pdb
1,PRO,145,LEU,301,5.727346,ftdock_22.pdb
2,PRO,145,GLN,303,5.9830937,ftdock_22.pdb
3,ALA,150,MET,300,5.0710635,ftdock_22.pdb
4,SER,193,LYS,111,5.42544,ftdock_22.pdb
0,GLU,282,VAL,247,5.726643,ftdock_23.pdb
1,GLU,282,LYS,250,5.051537,ftdock_23.pdb
2,ILE,347,SER,242,5.82372,ftdock_23.pdb
3,CYS,348,SER,242,5.1954837,ftdock_23.pdb
4,ASP,385,ARG,107,5.797185,ftdock_23.pdb
0,THR,12,ARG,21,4.955379,ftdock_24.pdb
1,TYR,13,VAL,20,4.6329484,ftdock_24.pdb
2,TYR,13,ARG,21,5.730112,ftdock_24.pdb
3,GLY,15,LEU,19,5.932351,ftdock_24.pdb
4,GLY,15,VAL,20,4.462499,ftdock_24.pdb
5,GLY,15,ARG,21,2.8622549,ftdock_24.pdb
6,GLY,15,LYS,22,5.328687,ftdock_24.pdb
7,ASP,17,LYS,22,5.094114,ftdock_24.pdb
0,GLU,20,GLY,223,5.0056467,ftdock_25.pdb
1,GLU,20,LEU,224,5.9722753,ftdock_25.pdb
2,GLU,20,LYS,225,5.02004,ftdock_25.pdb
3,VAL,143,ALA,52,5.7683983,ftdock_25.pdb
4,VAL,143,ARG,53,4.7071114,ftdock_25.pdb
5,LEU,144,LYS,51,5.7290974,ftdock_25.pdb
6,PRO,145,LYS,51,5.9497414,ftdock_25.pdb
0,ASN,2,ARG,267,4.6484723,ftdock_26.pdb
0,SER,31,LYS,250,5.878648,ftdock_27.pdb
1,CYS,32,GLY,251,4.6826696,ftdock_27.pdb
2,LYS,254,ARG,107,5.9078436,ftdock_27.pdb
3,ASP,390,ASN,102,5.9470153,ftdock_27.pdb
4,ASP,390,PHE,103,3.9108303,ftdock_27.pdb
5,ASP,390,CYS,104,5.6163073,ftdock_27.pdb
0,LEU,324,THR,228,4.010609,ftdock_28.pdb
1,ILE,325,THR,228,5.739066,ftdock_28.pdb
2,GLY,326,THR,228,5.9288974,ftdock_28.pdb
3,ARG,327,THR,228,5.906231,ftdock_28.pdb
4,ASP,382,ASP,84,4.661997,ftdock_28.pdb
0,LEU,124,SER,242,4.7723465,ftdock_29.pdb
1,ARG,125,MET,241,5.8798466,ftdock_29.pdb
2,ARG,125,SER,242,3.6707065,ftdock_29.pdb
3,THR,126,MET,241,5.3859653,ftdock_29.pdb
4,THR,126,SER,242,4.40124,ftdock_29.pdb
0,ILE,1,ALA,254,5.0541363,ftdock_3.pdb
1,PHE,3,MET,258,5.4174714,ftdock_3.pdb
2,LEU,222,THR,287,5.1872725,ftdock_3.pdb
3,ASP,362,PRO,244,4.7169805,ftdock_3.pdb
0,GLN,69,GLY,15,5.549241,ftdock_30.pdb
1,ASP,71,LYS,83,4.0371637,ftdock_30.pdb
0,ASN,323,ARG,106,5.9938865,ftdock_31.pdb
1,ASN,323,ARG,107,4.1789713,ftdock_31.pdb
2,LEU,324,ARG,107,5.524149,ftdock_31.pdb
3,LYS,346,THR,217,5.7178807,ftdock_31.pdb
4,THR,359,GLN,303,5.5538673,ftdock_31.pdb
0,PRO,163,ARG,53,5.7862034,ftdock_32.pdb
1,PRO,166,ARG,53,5.82517,ftdock_32.pdb
2,PRO,166,HIS,54,5.1805787,ftdock_32.pdb
3,GLU,170,LEU,160,5.87392,ftdock_32.pdb
4,LYS,180,LYS,51,4.8368816,ftdock_32.pdb
0,ILE,1,GLY,265,5.652943,ftdock_33.pdb
1,ILE,1,ARG,267,4.1058373,ftdock_33.pdb
2,ASN,2,ARG,267,3.546095,ftdock_33.pdb
0,PHE,21,GLN,303,4.2052917,ftdock_34.pdb
1,GLY,105,LEU,288,5.636463,ftdock_34.pdb
2,ILE,106,ASN,289,5.6942124,ftdock_34.pdb
0,TYR,317,ARG,286,4.810135,ftdock_35.pdb
1,CYS,320,TYR,292,4.9244814,ftdock_35.pdb
2,LYS,367,HIS,290,5.849804,ftdock_35.pdb
0,GLU,282,LEU,224,5.2371554,ftdock_36.pdb
1,LYS,346,SER,242,4.3911347,ftdock_36.pdb
2,ILE,347,SER,242,4.792532,ftdock_36.pdb
0,LYS,213,LYS,250,5.049177,ftdock_37.pdb
0,ARG,169,LYS,152,5.162706,ftdock_38.pdb
1,GLU,170,ASP,118,5.697309,ftdock_38.pdb
0,ASN,2,MET,258,5.995491,ftdock_39.pdb
1,SER,6,GLY,265,5.5547824,ftdock_39.pdb
2,ASN,221,TYR,276,5.051345,ftdock_39.pdb
3,ASP,224,MET,275,4.8318334,ftdock_39.pdb
0,ASN,321,GLY,26,5.8327775,ftdock_4.pdb
1,PRO,381,ARG,53,5.3078218,ftdock_4.pdb
0,HIS,22,PRO,55,5.8193154,ftdock_40.pdb
1,GLY,23,PRO,55,5.4623294,ftdock_40.pdb
2,ARG,24,LYS,51,4.7020955,ftdock_40.pdb
3,ASN,221,GLU,10,5.686652,ftdock_40.pdb
0,ASP,29,PHE,252,5.833601,ftdock_41.pdb
1,ASP,29,PRO,253,4.430233,ftdock_41.pdb
2,ASP,30,GLY,251,5.0159526,ftdock_41.pdb
3,CYS,142,GLU,246,4.8164806,ftdock_41.pdb
4,VAL,143,GLU,246,5.78243,ftdock_41.pdb
5,ALA,150,GLU,238,5.021133,ftdock_41.pdb
6,ALA,150,SER,242,5.5444193,ftdock_41.pdb
0,GLN,279,SER,242,5.377592,ftdock_42.pdb
1,GLU,384,ALA,254,5.987206,ftdock_42.pdb
2,GLU,384,MET,258,5.586573,ftdock_42.pdb
3,ILE,387,LYS,250,4.379648,ftdock_42.pdb
4,ILE,387,GLY,251,4.936698,ftdock_42.pdb
0,SER,174,GLN,81,5.8947678,ftdock_43.pdb
1,TYR,175,GLN,50,5.342038,ftdock_43.pdb
2,LYS,213,LYS,83,4.3990655,ftdock_43.pdb
0,ALA,16,GLY,15,3.600361,ftdock_44.pdb
1,ALA,16,LYS,16,5.680723,ftdock_44.pdb
2,PHE,104,LEU,58,5.3918543,ftdock_44.pdb
3,PHE,104,LYS,62,4.982583,ftdock_44.pdb
4,PRO,336,ASN,39,5.7088494,ftdock_44.pdb
0,ALA,16,THR,169,5.6648803,ftdock_45.pdb
1,ALA,16,ARG,170,5.2702656,ftdock_45.pdb
2,ALA,16,GLN,171,5.6587853,ftdock_45.pdb
3,ASP,17,ARG,170,3.8162043,ftdock_45.pdb
4,SER,226,TYR,276,5.6503572,ftdock_45.pdb
0,VAL,143,GLU,10,4.5198464,ftdock_46.pdb
1,LEU,144,GLU,10,3.9184954,ftdock_46.pdb
0,ASP,171,GLN,303,4.169058,ftdock_47.pdb
1,GLN,172,GLN,303,5.2777843,ftdock_47.pdb
2,TRP,197,ASN,289,5.439337,ftdock_47.pdb
0,LYS,158,LYS,130,5.982471,ftdock_48.pdb
0,SER,149,GLN,231,4.913225,ftdock_5.pdb
1,SER,149,GLU,234,5.9894123,ftdock_5.pdb
2,ALA,150,THR,228,5.6743803,ftdock_5.pdb
3,ALA,150,LYS,230,3.7095842,ftdock_5.pdb
4,ALA,150,GLN,231,3.66345,ftdock_5.pdb
5,VAL,151,LYS,230,5.077777,ftdock_5.pdb
6,LEU,153,ASN,180,5.222388,ftdock_5.pdb
7,GLU,154,ASN,180,4.912125,ftdock_5.pdb
8,GLU,154,LEU,181,5.6041856,ftdock_5.pdb
9,GLU,154,LEU,194,5.067449,ftdock_5.pdb
10,LEU,156,ASP,178,4.6948175,ftdock_5.pdb
11,ASN,157,LEU,194,4.4178843,ftdock_5.pdb
12,LYS,158,LEU,194,4.993688,ftdock_5.pdb
0,ASN,289,GLU,270,5.0989995,ftdock_50.pdb
1,GLU,290,GLU,270,5.855081,ftdock_50.pdb
2,PRO,381,THR,169,4.8291597,ftdock_50.pdb
3,ASP,382,THR,169,5.558032,ftdock_50.pdb
0,PHE,56,VAL,71,5.99954,ftdock_51.pdb
1,HIS,57,GLY,69,5.4436297,ftdock_51.pdb
2,HIS,57,VAL,71,4.779844,ftdock_51.pdb
0,ASN,2,ARG,264,5.3187766,ftdock_52.pdb
1,ASN,2,GLY,265,4.8815165,ftdock_52.pdb
2,ASP,362,THR,243,5.5990686,ftdock_52.pdb
0,ARG,85,ASP,178,5.460737,ftdock_53.pdb
1,GLU,123,LEU,194,4.811538,ftdock_53.pdb
0,ASP,4,SER,242,4.5733385,ftdock_54.pdb
1,SER,6,SER,242,5.572846,ftdock_54.pdb
2,SER,168,ARG,176,5.8008785,ftdock_54.pdb
3,ASP,224,ASP,178,4.097779,ftdock_54.pdb
4,ASP,225,LEU,194,5.775947,ftdock_54.pdb
0,PHE,104,ARG,148,5.6706443,ftdock_55.pdb
1,GLY,326,PHE,103,5.96232,ftdock_55.pdb
2,GLY,326,SER,105,4.6938934,ftdock_55.pdb
3,ARG,327,PHE,103,4.6061463,ftdock_55.pdb
4,ARG,327,SER,105,4.830627,ftdock_55.pdb
0,ASP,30,SER,242,5.051585,ftdock_56.pdb
1,GLU,123,LEU,194,5.6638575,ftdock_56.pdb
2,LEU,139,SER,242,5.978068,ftdock_56.pdb
3,ASP,390,ALA,254,5.3656406,ftdock_56.pdb
0,VAL,143,ILE,66,5.0845895,ftdock_57.pdb
1,SER,149,LYS,163,5.405266,ftdock_57.pdb
2,ALA,150,ARG,165,5.310534,ftdock_57.pdb
3,ALA,150,ASP,166,3.7556493,ftdock_57.pdb
4,PRO,163,LYS,51,5.8609295,ftdock_57.pdb
5,SER,229,TYR,79,5.3009925,ftdock_57.pdb
0,GLN,179,GLY,223,5.3388357,ftdock_58.pdb
1,ASN,270,LYS,250,5.1397123,ftdock_58.pdb
2,LYS,271,LYS,250,5.8027425,ftdock_58.pdb
0,VAL,82,ASN,167,5.8516717,ftdock_59.pdb
1,VAL,82,ARG,168,4.291607,ftdock_59.pdb
2,GLN,83,ASN,167,5.652475,ftdock_59.pdb
3,TYR,309,GLN,171,5.762029,ftdock_59.pdb
0,GLN,127,THR,287,5.1628294,ftdock_6.pdb
1,SER,128,THR,287,4.6500444,ftdock_6.pdb
2,SER,128,LEU,288,4.938827,ftdock_6.pdb
3,ASP,129,PRO,253,4.1767445,ftdock_6.pdb
0,LEU,139,ASP,293,5.0549955,ftdock_60.pdb
1,ALA,150,ASP,273,5.043661,ftdock_60.pdb
2,ALA,150,TYR,274,4.9052424,ftdock_60.pdb
3,VAL,151,ASP,273,5.2570233,ftdock_60.pdb
0,GLY,15,GLY,251,5.7096868,ftdock_61.pdb
1,GLY,105,ASN,289,5.3604007,ftdock_61.pdb
0,ARG,24,LYS,250,5.7265882,ftdock_63.pdb
1,ARG,24,GLY,251,5.8368134,ftdock_63.pdb
2,LEU,26,GLY,251,3.12162,ftdock_63.pdb
3,LEU,26,PHE,252,5.998551,ftdock_63.pdb
4,HIS,27,GLY,251,5.6885343,ftdock_63.pdb
5,GLU,205,GLN,303,4.8127866,ftdock_63.pdb
6,PRO,228,SER,105,5.442616,ftdock_63.pdb
0,LEU,144,TYR,292,5.8004646,ftdock_64.pdb
1,PRO,145,ASP,293,5.7661505,ftdock_64.pdb
2,THR,147,ASP,293,5.2885327,ftdock_64.pdb
3,SER,149,ASP,293,5.92511,ftdock_64.pdb
4,ALA,150,ASP,293,5.277594,ftdock_64.pdb
5,LEU,191,GLN,303,4.7325892,ftdock_64.pdb
6,THR,192,GLN,303,5.9589767,ftdock_64.pdb
7,ILE,387,GLY,69,5.395416,ftdock_64.pdb
8,ASP,390,VAL,71,5.7133183,ftdock_64.pdb
0,ASP,30,PHE,252,5.7814894,ftdock_65.pdb
1,ASP,71,ASN,289,5.832667,ftdock_65.pdb
0,TYR,175,ILE,12,5.5641847,ftdock_67.pdb
1,ASN,270,GLY,40,5.359823,ftdock_67.pdb
0,PRO,58,ARG,148,4.5682716,ftdock_68.pdb
1,GLU,100,GLU,41,4.857765,ftdock_68.pdb
2,GLU,101,GLU,41,4.077853,ftdock_68.pdb
3,GLN,102,GLU,41,4.9398246,ftdock_68.pdb
4,GLN,102,GLU,42,4.9919753,ftdock_68.pdb
5,ILE,106,GLY,147,5.1969995,ftdock_68.pdb
0,ARG,24,ARG,168,4.7028627,ftdock_69.pdb
1,LYS,70,ARG,170,5.826441,ftdock_69.pdb
0,LEU,144,THR,38,5.189845,ftdock_7.pdb
1,LEU,144,ASN,39,3.6889832,ftdock_7.pdb
2,PRO,145,THR,38,5.050289,ftdock_7.pdb
3,PRO,145,ASN,39,4.4621663,ftdock_7.pdb
4,SER,146,THR,38,5.495572,ftdock_7.pdb
5,THR,147,THR,38,4.052074,ftdock_7.pdb
6,LEU,191,GLU,10,4.6903095,ftdock_7.pdb
7,SER,193,GLY,15,5.9388638,ftdock_7.pdb
0,GLN,40,ASP,178,4.8630857,ftdock_70.pdb
1,PHE,104,SER,242,3.5694978,ftdock_70.pdb
2,GLY,105,SER,242,4.4151344,ftdock_70.pdb
0,GLN,69,ARG,106,5.030753,ftdock_71.pdb
1,GLU,101,LYS,302,5.932039,ftdock_71.pdb
2,GLU,101,GLN,303,4.41543,ftdock_71.pdb
0,ILE,1,ASP,178,4.6304445,ftdock_73.pdb
1,ASN,2,ARG,176,4.678747,ftdock_73.pdb
2,ASN,2,GLU,177,3.1945283,ftdock_73.pdb
3,ASN,2,ASP,178,3.9812171,ftdock_73.pdb
4,SER,164,ALA,227,5.5308332,ftdock_73.pdb
5,LYS,165,ALA,227,4.436361,ftdock_73.pdb
6,VAL,167,ALA,227,5.6450763,ftdock_73.pdb
7,SER,168,ALA,227,5.699516,ftdock_73.pdb
8,SER,168,THR,228,5.6314645,ftdock_73.pdb
9,LEU,222,LYS,230,5.4369273,ftdock_73.pdb
10,ASP,224,GLN,231,4.3613863,ftdock_73.pdb
11,ASP,362,PRO,174,5.5992546,ftdock_73.pdb
0,GLN,179,ARG,286,5.136826,ftdock_74.pdb
1,ASN,270,ALA,254,5.911592,ftdock_74.pdb
2,PRO,381,GLU,246,5.3452883,ftdock_74.pdb
3,PRO,381,VAL,247,4.760819,ftdock_74.pdb
4,ASP,382,VAL,247,4.59157,ftdock_74.pdb
0,LEU,26,GLY,40,5.9516397,ftdock_75.pdb
1,ASP,29,ASN,39,5.739182,ftdock_75.pdb
2,PRO,140,THR,38,5.307275,ftdock_75.pdb
3,PRO,140,ASN,39,5.6623483,ftdock_75.pdb
4,CYS,142,THR,38,5.5662637,ftdock_75.pdb
5,VAL,143,LYS,16,5.8569455,ftdock_75.pdb
6,PRO,145,GLY,15,5.8590794,ftdock_75.pdb
7,SER,229,GLU,10,4.430386,ftdock_75.pdb
0,ARG,24,GLN,81,5.7216897,ftdock_76.pdb
1,CYS,32,THR,38,5.542214,ftdock_76.pdb
2,VAL,34,THR,38,5.9554663,ftdock_76.pdb
3,LYS,70,GLU,10,5.536038,ftdock_76.pdb
4,LYS,70,PHE,11,4.6435375,ftdock_76.pdb
5,LYS,70,ILE,12,4.20163,ftdock_76.pdb
6,ASP,71,ILE,12,4.9519863,ftdock_76.pdb
0,ASP,4,LYS,302,5.2507734,ftdock_77.pdb
1,SER,10,SER,105,5.9288692,ftdock_77.pdb
2,ALA,16,ARG,106,5.24207,ftdock_77.pdb
3,ALA,16,THR,217,5.232954,ftdock_77.pdb
4,PHE,104,LYS,225,4.9553804,ftdock_77.pdb
5,THR,359,ILE,23,5.226856,ftdock_77.pdb
0,SER,149,TYR,292,5.8236513,ftdock_78.pdb
1,SER,149,ASP,293,5.7149734,ftdock_78.pdb
2,ALA,150,ASP,293,5.8992724,ftdock_78.pdb
3,ILE,161,LEU,288,5.797448,ftdock_78.pdb
4,ILE,161,ASN,289,5.772979,ftdock_78.pdb
5,ASN,230,ILE,283,5.8509665,ftdock_78.pdb
0,PRO,58,ARG,216,5.4991384,ftdock_79.pdb
1,GLY,105,LYS,250,5.7893867,ftdock_79.pdb
2,GLY,105,GLY,251,4.659966,ftdock_79.pdb
3,ILE,106,LYS,250,4.820185,ftdock_79.pdb
4,ILE,106,GLY,251,3.4593225,ftdock_79.pdb
0,GLU,100,ALA,227,5.303836,ftdock_8.pdb
1,GLU,101,ALA,227,3.968991,ftdock_8.pdb
2,GLN,102,LYS,229,5.0515013,ftdock_8.pdb
0,ILE,1,PRO,174,5.282756,ftdock_80.pdb
1,ILE,1,TYR,175,5.4515862,ftdock_80.pdb
2,ILE,1,ARG,176,5.0030665,ftdock_80.pdb
3,ASN,2,ARG,176,5.689007,ftdock_80.pdb
4,SER,168,ILE,66,5.508439,ftdock_80.pdb
5,SER,174,ARG,168,5.8926115,ftdock_80.pdb
6,LYS,213,THR,169,5.0048757,ftdock_80.pdb
7,GLU,220,ILE,173,5.654597,ftdock_80.pdb
0,PRO,145,HIS,290,4.7546315,ftdock_81.pdb
1,PRO,145,GLN,291,4.5255466,ftdock_81.pdb
2,SER,155,GLY,251,5.4869585,ftdock_81.pdb
3,SER,155,PHE,252,5.838927,ftdock_81.pdb
0,LYS,176,PRO,55,5.196444,ftdock_82.pdb
1,TRP,197,GLN,81,5.903127,ftdock_82.pdb
0,ASP,225,ALA,52,4.925293,ftdock_83.pdb
1,ASP,225,ARG,53,3.9826648,ftdock_83.pdb
2,LEU,227,ARG,53,5.835625,ftdock_83.pdb
3,PRO,228,ARG,53,5.7417417,ftdock_83.pdb
4,LEU,296,LYS,51,5.486285,ftdock_83.pdb
0,SER,31,GLN,171,5.7598357,ftdock_84.pdb
1,CYS,32,THR,169,5.7619605,ftdock_84.pdb
2,CYS,32,GLN,171,5.264456,ftdock_84.pdb
3,SER,193,SER,242,5.225572,ftdock_84.pdb
0,ASP,28,MET,275,5.519513,ftdock_85.pdb
1,PRO,145,ASP,293,4.392741,ftdock_85.pdb
2,SER,149,ASP,293,5.2491884,ftdock_85.pdb
3,ALA,150,THR,295,5.4153914,ftdock_85.pdb
0,VAL,34,THR,169,5.94042,ftdock_86.pdb
0,ASN,289,LYS,65,5.841011,ftdock_87.pdb
1,ASN,289,ILE,66,5.3855166,ftdock_87.pdb
0,ASP,4,GLN,171,4.625786,ftdock_88.pdb
1,ASN,221,ARG,170,4.871396,ftdock_88.pdb
2,ASP,362,TYR,175,5.0310426,ftdock_88.pdb
3,ASP,362,ARG,176,5.055312,ftdock_88.pdb
4,MET,363,PRO,174,5.356898,ftdock_88.pdb
0,VAL,82,ASP,293,5.883244,ftdock_89.pdb
0,SER,31,THR,217,4.6597543,ftdock_9.pdb
1,CYS,32,THR,217,5.810689,ftdock_9.pdb
2,GLU,123,LEU,224,5.4489436,ftdock_9.pdb
3,GLU,141,GLY,251,5.5469737,ftdock_9.pdb
4,CYS,142,GLY,251,4.531005,ftdock_9.pdb
0,LEU,324,ARG,176,5.7491846,ftdock_90.pdb
1,ILE,325,ARG,176,4.1589212,ftdock_90.pdb
2,ILE,325,GLU,177,4.8449664,ftdock_90.pdb
3,GLY,326,GLU,177,4.793918,ftdock_90.pdb
4,GLY,326,ASP,178,5.0486197,ftdock_90.pdb
5,LYS,346,ILE,173,4.484947,ftdock_90.pdb
6,ILE,347,ARG,165,5.8205347,ftdock_90.pdb
7,ILE,347,GLN,171,5.411892,ftdock_90.pdb
8,ILE,347,HIS,172,5.2920294,ftdock_90.pdb
9,ILE,347,ILE,173,4.076226,ftdock_90.pdb
10,CYS,348,GLN,171,4.5729284,ftdock_90.pdb
11,CYS,348,HIS,172,5.087445,ftdock_90.pdb
12,CYS,348,ILE,173,5.352547,ftdock_90.pdb
13,ALA,349,ILE,173,5.308446,ftdock_90.pdb
0,LYS,223,ARG,267,5.993814,ftdock_91.pdb
1,ASP,224,ARG,267,3.2354436,ftdock_91.pdb
2,ASP,225,ARG,267,5.750079,ftdock_91.pdb
3,PRO,228,TYR,175,5.164968,ftdock_91.pdb
4,SER,229,GLU,269,4.6154184,ftdock_91.pdb
5,ASN,230,HIS,172,5.896508,ftdock_91.pdb
0,THR,5,LYS,302,5.6971936,ftdock_92.pdb
1,GLU,220,ILE,146,5.300752,ftdock_92.pdb
2,GLN,366,ILE,23,5.683914,ftdock_92.pdb
0,SER,149,ILE,173,5.7102714,ftdock_93.pdb
1,SER,149,PRO,174,3.411108,ftdock_93.pdb
2,ALA,150,PRO,174,5.81551,ftdock_93.pdb
3,GLU,154,TYR,175,5.8788176,ftdock_93.pdb
4,LYS,158,GLU,177,3.6070645,ftdock_93.pdb
5,LYS,158,ASP,178,3.3695984,ftdock_93.pdb
0,SER,155,GLY,15,5.6345644,ftdock_94.pdb
1,ASN,190,ASN,39,5.3108535,ftdock_94.pdb
2,ASN,190,GLY,40,3.3701618,ftdock_94.pdb
3,LEU,191,GLY,40,5.2791843,ftdock_94.pdb
0,LYS,346,SER,105,5.847819,ftdock_95.pdb
0,VAL,143,GLU,269,5.239216,ftdock_96.pdb
1,VAL,143,GLU,270,5.7770886,ftdock_96.pdb
2,SER,149,THR,129,4.3934903,ftdock_96.pdb
0,LEU,122,GLY,223,5.0926056,ftdock_97.pdb
0,GLN,83,GLY,223,5.9385195,ftdock_98.pdb
1,GLN,88,ASN,102,5.961614,ftdock_98.pdb
2,VAL,247,ARG,107,5.5526943,ftdock_98.pdb
0,PRO,381,ILE,66,5.327896,ftdock_99.pdb
1,ASP,382,LYS,65,4.2267013,ftdock_99.pdb
2,ASP,382,ILE,66,3.985476,ftdock_99.pdb
